<?xml version="1.0" encoding="UTF-8"?>
<!DOCTYPE struts-config PUBLIC "-//Apache Software Foundation//DTD Struts Configuration 1.2//EN" "http://struts.apache.org/dtds/struts-config_1_2.dtd">
<struts-config>
  <form-beans>
    <form-bean name="userForm" type="sample.ps.UserForm" />
    <form-bean name="listForm" type="com.jdon.strutsutil.ModelListForm" />
  </form-beans>
  <global-forwards>
    <forward name="home" path="/userListAction.do?count=5"></forward>
  </global-forwards>
  <action-mappings>
    <action path="/userViewAction" name="userForm" scope="request" type="com.jdon.strutsutil.ModelViewAction">
       <forward name="create" path="/user.jsp"></forward>
       <forward name="edit" path="/user.jsp"></forward>
    </action>
     <action name="userForm" path="/userSaveAction" scope="request" type="com.jdon.strutsutil.ModelSaveAction">
      <forward name="success" path="/result.jsp" />
      <forward name="failure" path="/error.jsp" />
    </action>   
     <action path="/userListAction" name="listForm" scope="request" type="sample.ps.UserListAction">
       <forward name="success" path="/index.jsp"></forward>
    </action>
  </action-mappings>
  <message-resources parameter="ApplicationResources" />
    <plug-in className="com.jdon.strutsutil.InitPlugIn">
    <set-property property="modelmapping-config" value="jdonframework.xml" />
  </plug-in>
</struts-config>
