<?xml version="1.0" encoding="UTF-8"?>
<!DOCTYPE hibernate-configuration PUBLIC
		"-//Hibernate/Hibernate Configuration DTD 3.0//EN"
		"http://hibernate.sourceforge.net/hibernate-configuration-3.0.dtd">
<hibernate-configuration>
     <session-factory>
        <property name="hibernate.connection.url">jdbc:mysql://localhost:3306/test?useUnicode=true&amp;characterEncoding=UTF-8</property>
        <property name="hibernate.connection.driver_class">com.mysql.jdbc.Driver</property>
        <property name="hibernate.connection.username">banq</property>
        <property name="hibernate.connection.password">225034ba</property>
        
        <property name="hibernate.dialect">org.hibernate.dialect.MySQLDialect</property>
        
        <property name="hbm2ddl.auto">update</property>
        <property name="show_sql">true</property>
        <property name="hibernate.cache.provider_class">org.hibernate.cache.EhCacheProvider</property>
        <property name="hibernate.cache.use_query_cache">true</property>
        <property name="hibernate.cache.use_second_level_cache">true</property>
       
     </session-factory>
</hibernate-configuration>