<?xml version="1.0" encoding="UTF-8"?>
<!DOCTYPE app PUBLIC "-//JDON//DTD Framework 2005 1.0 //EN"	"http://www.jdon.com/jdonframework.dtd">
<app>
  <models>
   <model key="id" class ="sample.model.User">
      <actionForm name="userForm"/>
      <handler>
        <service ref="userService"> 
          <getMethod name="findUser" />
          <createMethod name="create" />
          <updateMethod name="update" />
          <deleteMethod name="delete" />
        </service>
      </handler>
    </model>
  </models>
  <services>
 
    <pojoService name="userService" class="sample.service.UserServiceImp"/>
    <component name="jdbcDAO" class="sample.dao.JdbcDaoImp"/>

    <component name="daoCRUD" class="com.jdon.persistence.hibernate.HibernateCRUDTemplate"/>    
    <component name="hibernateConfFactory" class="com.jdon.persistence.hibernate.AnnotationConfFactory">
        <constructor value="/hibernate.cfg.xml"/>
    </component>
  </services>
</app>
